id,name,id_insumo,um_insumo,cantidad,costo_unitario
1000005,CHORIZO (1 UNIDAD),561.0,UNID,1.0,1.32
1000029,1 POLLO A LA BRASA,167.0,KG,1.06,1.33
1000029,1 POLLO A LA BRASA,233.0,LT,0.2,7.865835
1000029,1 POLLO A LA BRASA,246.0,LT,0.06,7.0940443
1000029,1 POLLO A LA BRASA,599.0,UNID,1.0,11.35
1000030,1 POLLO A LA BRASA LLEVAR ,182.0,KG,1.06,1.85
1000030,1 POLLO A LA BRASA LLEVAR ,233.0,LT,0.2,7.865835
1000030,1 POLLO A LA BRASA LLEVAR ,246.0,LT,0.06,7.0940443
1000030,1 POLLO A LA BRASA LLEVAR ,599.0,UNID,1.0,11.35
1000031,1/2 POLLO A LA BRASA ,182.0,KG,0.9,1.85
1000031,1/2 POLLO A LA BRASA ,233.0,LT,0.1,7.865835
1000031,1/2 POLLO A LA BRASA ,246.0,LT,0.06,7.0940443
1000031,1/2 POLLO A LA BRASA ,599.0,UNID,0.5,11.35
1000032,1/2 POLLO A LA BRASA LLEVAR ,182.0,KG,0.9,1.85
1000032,1/2 POLLO A LA BRASA LLEVAR ,233.0,LT,0.1,7.865835
1000032,1/2 POLLO A LA BRASA LLEVAR ,246.0,LT,0.06,7.0940443
1000032,1/2 POLLO A LA BRASA LLEVAR ,599.0,UNID,0.5,11.35
1000033,1/4 POLLO A LA BRASA ,182.0,KG,0.75,1.85
1000033,1/4 POLLO A LA BRASA ,233.0,LT,0.05,7.865835
1000033,1/4 POLLO A LA BRASA ,246.0,LT,0.03,7.0940443
1000033,1/4 POLLO A LA BRASA ,599.0,UNID,0.25,11.35
1000034,1/4 POLLO A LA BRASA LLEVAR ,167.0,KG,0.75,1.33
1000034,1/4 POLLO A LA BRASA LLEVAR ,233.0,LT,0.2,7.865835
1000034,1/4 POLLO A LA BRASA LLEVAR ,246.0,LT,0.03,7.0940443
1000034,1/4 POLLO A LA BRASA LLEVAR ,599.0,UNID,0.25,11.35
1000035,EMPANADAS TIPO ARGENTINAS 3 UNID ,249.0,UNID,1.0,2.69397
1000035,EMPANADAS TIPO ARGENTINAS 3 UNID ,252.0,LT,0.03,8.1024772
1000036,EMPANADAS TIPO ARGENTINAS 6 UNID ,249.0,UNID,2.0,2.69397
1000036,EMPANADAS TIPO ARGENTINAS 6 UNID ,252.0,LT,0.03,8.1024772
1000037,PAN AL AJO AL GRILL,254.0,UNID,1.0,1.1514571056
1000067,PORCIÓN  PAPAS FRITAS,8.0,LT,0.05,6.94
1000067,PORCIÓN  PAPAS FRITAS,79.0,KG,0.003,30.0
1000067,PORCIÓN  PAPAS FRITAS,100.0,KG,0.007,1.4
1000067,PORCIÓN  PAPAS FRITAS,182.0,KG,0.65,1.85
1000068,PORCIÓN  PAPAS AL GRILL,100.0,KG,0.002,1.4
1000068,PORCIÓN  PAPAS AL GRILL,232.0,LT,0.005,7.2336244
1000068,PORCIÓN  PAPAS AL GRILL,571.0,KG,0.5,2.98
1000071,PORCIÓN ARROZ CHAUFA,6.0,LT,0.004,25.93
1000071,PORCIÓN ARROZ CHAUFA,8.0,LT,0.002,6.94
1000071,PORCIÓN ARROZ CHAUFA,11.0,LT,0.03,6.72
1000071,PORCIÓN ARROZ CHAUFA,18.0,KG,0.0733,4.36
1000071,PORCIÓN ARROZ CHAUFA,60.0,UNID,1.0,0.41
1000071,PORCIÓN ARROZ CHAUFA,101.0,KG,0.03,12.86
1000071,PORCIÓN ARROZ CHAUFA,135.0,KG,0.004,4.22
1000071,PORCIÓN ARROZ CHAUFA,153.0,KG,0.006,11.07
1000071,PORCIÓN ARROZ CHAUFA,171.0,KG,0.005,6.49
1000071,PORCIÓN ARROZ CHAUFA,263.0,KG,0.0005,35.0
1000072,RODAJA DE PIÑA ASADA,26.0,KG,0.005,65.0
1000072,RODAJA DE PIÑA ASADA,75.0,LT,0.05,29.09
1000072,RODAJA DE PIÑA ASADA,93.0,KG,0.2,14.16
1000073,Cambio Asado de tira con hueso,547.0,UNID,1.0,10.16
1000074,Cambio Asado de tira sin hueso,548.0,UNID,1.0,10.3
1000075,Cambio Chuleta de cerdo 300 GR,562.0,UNID,1.0,5.23
1000076,Cambio Chuleta de res 300 GR,565.0,UNID,1.0,9.54
1000077,Cambio Costilla de cerdo 300 GR,558.0,UNID,1.0,7.392
1000078,Cambio Filete de pollo 300 GR,601.0,UNID,1.0,4.6518346
1000079,ALITAS BÚFFALO,8.0,LT,0.05,6.94
1000079,ALITAS BÚFFALO,135.0,KG,0.005,4.22
1000079,ALITAS BÚFFALO,175.0,KG,0.01,10.29
1000079,ALITAS BÚFFALO,182.0,KG,0.6,1.85
1000079,ALITAS BÚFFALO,238.0,LT,0.05,22.5599468
1000079,ALITAS BÚFFALO,603.0,UNID,1.0,8.2842494
1000081,PORCIÓN DE TORTA,679.0,UNID,1.0,6.8125
1000082,MATAMBRE DE CERDO,20.0,KG,0.015,2.62
1000082,MATAMBRE DE CERDO,38.0,LT,0.015,13.95
1000082,MATAMBRE DE CERDO,79.0,KG,0.002,30.0
1000082,MATAMBRE DE CERDO,84.0,KG,0.002,18.0
1000082,MATAMBRE DE CERDO,91.0,KG,0.001,43.0
1000082,MATAMBRE DE CERDO,98.0,KG,0.08,25.24
1000082,MATAMBRE DE CERDO,125.0,KG,0.004,5.08
1000082,MATAMBRE DE CERDO,182.0,KG,0.6,1.85
1000082,MATAMBRE DE CERDO,232.0,LT,0.005,7.2336244
1000082,MATAMBRE DE CERDO,576.0,KG,0.02,39.65
1000082,MATAMBRE DE CERDO,615.0,UNID,1.0,6.79
1000082,MATAMBRE DE CERDO,676.0,KG,0.007,4.35707
1000082,MATAMBRE DE CERDO,690.0,UNID,0.045,2.0
1000083,PIQUEO DE CHANCHO A LA BBQ,13.0,KG,0.002,13.0
1000083,PIQUEO DE CHANCHO A LA BBQ,14.0,KG,0.002,15.0
1000083,PIQUEO DE CHANCHO A LA BBQ,69.0,KG,0.015,17.56
1000083,PIQUEO DE CHANCHO A LA BBQ,170.0,KG,0.002,2.42
1000083,PIQUEO DE CHANCHO A LA BBQ,237.0,LT,0.09,18.25868
1000083,PIQUEO DE CHANCHO A LA BBQ,560.0,UNID,1.0,8.832508
1000083,PIQUEO DE CHANCHO A LA BBQ,561.0,UNID,0.5,1.32
1000083,PIQUEO DE CHANCHO A LA BBQ,571.0,KG,0.2,2.98
1000083,PIQUEO DE CHANCHO A LA BBQ,621.0,KG,0.05,23.0
1000094,PEPPER STEAK,8.0,LT,0.015,6.94
1000094,PEPPER STEAK,38.0,LT,0.16,13.95
1000094,PEPPER STEAK,64.0,LT,0.03,5.2
1000094,PEPPER STEAK,69.0,KG,0.03,17.56
1000094,PEPPER STEAK,77.0,KG,0.001,100.0
1000094,PEPPER STEAK,92.0,KG,0.012,46.0
1000094,PEPPER STEAK,100.0,KG,0.002,1.4
1000094,PEPPER STEAK,182.0,KG,0.6,1.85
1000094,PEPPER STEAK,532.0,LT,0.02,12.99
1000094,PEPPER STEAK,610.0,UNID,1.0,10.1480146
1000095,LOMO EN SALSA DE CHAMPIÑONES,8.0,LT,0.015,6.94
1000095,LOMO EN SALSA DE CHAMPIÑONES,29.0,KG,0.05,9.88
1000095,LOMO EN SALSA DE CHAMPIÑONES,38.0,LT,0.09,13.95
1000095,LOMO EN SALSA DE CHAMPIÑONES,64.0,LT,0.06,5.2
1000095,LOMO EN SALSA DE CHAMPIÑONES,69.0,KG,0.03,17.56
1000095,LOMO EN SALSA DE CHAMPIÑONES,77.0,KG,0.001,100.0
1000095,LOMO EN SALSA DE CHAMPIÑONES,91.0,KG,0.001,43.0
1000095,LOMO EN SALSA DE CHAMPIÑONES,100.0,KG,0.001,1.4
1000095,LOMO EN SALSA DE CHAMPIÑONES,171.0,KG,0.002,6.49
1000095,LOMO EN SALSA DE CHAMPIÑONES,182.0,KG,0.6,1.85
1000095,LOMO EN SALSA DE CHAMPIÑONES,531.0,LT,0.02,13.0
1000095,LOMO EN SALSA DE CHAMPIÑONES,610.0,UNID,1.0,10.1480146
1000098,ALITAS TERIYAKI,8.0,LT,0.05,6.94
1000098,ALITAS TERIYAKI,13.0,KG,0.01,13.0
1000098,ALITAS TERIYAKI,182.0,KG,0.6,1.85
1000098,ALITAS TERIYAKI,255.0,LT,0.05,7.72377
1000098,ALITAS TERIYAKI,603.0,UNID,1.0,8.2842494
1000099,ALITAS ACEVICHADAS,8.0,LT,0.05,6.94
1000099,ALITAS ACEVICHADAS,158.0,KG,0.002,6.38
1000099,ALITAS ACEVICHADAS,182.0,KG,0.6,1.85
1000099,ALITAS ACEVICHADAS,256.0,LT,0.05,13.9620346
1000099,ALITAS ACEVICHADAS,603.0,UNID,1.0,8.2842494
1000103,SALCHIPAPA PARRILLERA,8.0,LT,0.015,6.94
1000103,SALCHIPAPA PARRILLERA,100.0,KG,0.002,1.4
1000103,SALCHIPAPA PARRILLERA,182.0,KG,0.75,1.85
1000103,SALCHIPAPA PARRILLERA,232.0,LT,0.015,7.2336244
1000103,SALCHIPAPA PARRILLERA,621.0,KG,0.2,23.0
1000105,MILKSHAKE,36.0,LT,0.01,22.07
1000105,MILKSHAKE,50.0,UNID,1.0,0.2166666666666666
1000105,MILKSHAKE,63.0,LT,0.177,9.620253164556962
1000105,MILKSHAKE,213.0,KG,0.08,28.18
1000105,MILKSHAKE,497.0,LT,0.02957,10.4
1000105,MILKSHAKE,548.0,UNID,1.0,0.51
1000106,ODÍN,36.0,LT,0.01,22.07
1000106,ODÍN,50.0,UNID,1.0,0.2166666666666666
1000106,ODÍN,54.0,LT,0.12,8.28
1000106,ODÍN,56.0,LT,0.12,5.38
1000106,ODÍN,63.0,LT,0.177,9.620253164556962
1000106,ODÍN,497.0,LT,0.044,10.4
1000106,ODÍN,515.0,LT,0.059,25.946666666666665
1000107,HELADO VIKINGO,36.0,LT,0.01,22.07
1000107,HELADO VIKINGO,52.0,KG,0.01,8.33
1000107,HELADO VIKINGO,54.0,LT,0.06,8.28
1000107,HELADO VIKINGO,55.0,LT,0.06,9.78
1000107,HELADO VIKINGO,56.0,LT,0.06,5.38
1000107,HELADO VIKINGO,70.0,KG,0.005,28.39
1000107,HELADO VIKINGO,213.0,KG,0.022,28.18
1000108,VIKINGO FROZEN,15.0,KG,0.044,15.66
1000108,VIKINGO FROZEN,36.0,LT,0.01,22.07
1000108,VIKINGO FROZEN,50.0,UNID,1.0,0.2166666666666666
1000108,VIKINGO FROZEN,54.0,LT,0.06,8.28
1000108,VIKINGO FROZEN,56.0,LT,0.06,5.38
1000108,VIKINGO FROZEN,63.0,LT,0.177,9.620253164556962
1000108,VIKINGO FROZEN,70.0,KG,0.005,28.39
1000108,VIKINGO FROZEN,497.0,LT,0.044,10.4
1000109,HUEVO,60.0,UNID,1.0,0.41
1000111,CHANCHO A LA BRASA FAMILIAR,182.0,KG,1.06,1.85
1000111,CHANCHO A LA BRASA FAMILIAR,233.0,LT,0.2,7.865835
1000111,CHANCHO A LA BRASA FAMILIAR,246.0,LT,0.06,7.0940443
1000112,CHANCHO A LA BRASA PARA 2,182.0,KG,0.9,1.85
1000112,CHANCHO A LA BRASA PARA 2,233.0,LT,0.1,7.865835
1000112,CHANCHO A LA BRASA PARA 2,246.0,LT,0.06,7.0940443
1000113,CHANCHO A LA BRASA PERSONAL,182.0,KG,0.75,1.85
1000113,CHANCHO A LA BRASA PERSONAL,233.0,LT,0.05,7.865835
1000113,CHANCHO A LA BRASA PERSONAL,246.0,LT,0.06,7.0940443
1000115,PORCION DE TORTA,679.0,UNID,1.0,6.8125
2000001,ORGASMO VIKINGO,58.0,KG,0.12,1.8
2000001,ORGASMO VIKINGO,63.0,LT,0.08872,9.620253164556962
2000001,ORGASMO VIKINGO,466.0,LT,0.05915,77.33333333333333
2000001,ORGASMO VIKINGO,513.0,LT,0.02957,26.0
2000001,ORGASMO VIKINGO,515.0,LT,0.02957,25.946666666666665
2000001,ORGASMO VIKINGO,544.0,LT,0.02957,28.0
2000002,AZOTE VIKINGO,58.0,KG,0.12,1.8
2000002,AZOTE VIKINGO,158.0,KG,0.03,6.38
2000002,AZOTE VIKINGO,244.0,LT,0.05915,8.825094
2000002,AZOTE VIKINGO,500.0,LT,0.17744,2.166666666666667
2000002,AZOTE VIKINGO,512.0,LT,0.01479,25.333333333333332
2000002,AZOTE VIKINGO,544.0,LT,0.05915,28.0
2000003,NEGRONI,58.0,KG,0.08,1.8
2000003,NEGRONI,165.0,KG,0.01,2.56
2000003,NEGRONI,492.0,LT,0.02957,33.06666666666666
2000003,NEGRONI,510.0,UNID,0.02957,52.0
2000003,NEGRONI,517.0,LT,0.02957,100.66666666666666
2000004,PIÑA COLADA,37.0,KG,0.04436,27.2
2000004,PIÑA COLADA,58.0,KG,0.1,1.8
2000004,PIÑA COLADA,63.0,LT,0.01479,9.620253164556962
2000004,PIÑA COLADA,497.0,LT,0.02957,10.4
2000004,PIÑA COLADA,499.0,LT,0.17744,4.0
2000004,PIÑA COLADA,523.0,LT,0.05915,27.5
2000005,MACHU PICCHU,58.0,KG,0.08,1.8
2000005,MACHU PICCHU,498.0,LT,0.02957,10.4
2000005,MACHU PICCHU,500.0,LT,0.23659,2.166666666666667
2000005,MACHU PICCHU,516.0,LT,0.0074,25.88
2000005,MACHU PICCHU,521.0,LT,0.05915,15.5
2000006,ALGARROBINA,15.0,KG,0.01479,15.66
2000006,ALGARROBINA,58.0,KG,0.08,1.8
2000006,ALGARROBINA,60.0,UNID,1.0,0.41
2000006,ALGARROBINA,63.0,LT,0.08872,9.620253164556962
2000006,ALGARROBINA,497.0,LT,0.04436,10.4
2000006,ALGARROBINA,514.0,LT,0.01479,25.626666666666665
2000006,ALGARROBINA,521.0,LT,0.04436,15.5
2000007,PISCO SOUR EL CLÁSICO,58.0,KG,0.1,1.8
2000007,PISCO SOUR EL CLÁSICO,60.0,UNID,1.0,0.41
2000007,PISCO SOUR EL CLÁSICO,158.0,KG,0.008,6.38
2000007,PISCO SOUR EL CLÁSICO,158.0,KG,0.015,6.38
2000007,PISCO SOUR EL CLÁSICO,458.0,LT,0.00444,10.0
2000007,PISCO SOUR EL CLÁSICO,497.0,LT,0.04436,10.4
2000007,PISCO SOUR EL CLÁSICO,521.0,LT,0.08872,15.5
2000008,PISCO SOUR DE FINAS HIERBAS,58.0,KG,0.1,1.8
2000008,PISCO SOUR DE FINAS HIERBAS,60.0,UNID,1.0,0.41
2000008,PISCO SOUR DE FINAS HIERBAS,158.0,KG,0.008,6.38
2000008,PISCO SOUR DE FINAS HIERBAS,158.0,KG,0.015,6.38
2000008,PISCO SOUR DE FINAS HIERBAS,242.0,LT,0.05915,3.813238
2000008,PISCO SOUR DE FINAS HIERBAS,458.0,LT,0.00444,10.0
2000008,PISCO SOUR DE FINAS HIERBAS,521.0,LT,0.08872,15.5
2000009,PISCO SOUR DE ARÁNDANOS,58.0,KG,0.1,1.8
2000009,PISCO SOUR DE ARÁNDANOS,60.0,UNID,1.0,0.41
2000009,PISCO SOUR DE ARÁNDANOS,158.0,KG,0.008,6.38
2000009,PISCO SOUR DE ARÁNDANOS,158.0,KG,0.015,6.38
2000009,PISCO SOUR DE ARÁNDANOS,242.0,LT,0.05915,3.813238
2000009,PISCO SOUR DE ARÁNDANOS,458.0,LT,0.00444,10.0
2000009,PISCO SOUR DE ARÁNDANOS,521.0,LT,0.08872,15.5
2000011,PISCO SOUR DE MARACUYÁ,58.0,KG,0.1,1.8
2000011,PISCO SOUR DE MARACUYÁ,60.0,UNID,1.0,0.41
2000011,PISCO SOUR DE MARACUYÁ,158.0,KG,0.008,6.38
2000011,PISCO SOUR DE MARACUYÁ,158.0,KG,0.015,6.38
2000011,PISCO SOUR DE MARACUYÁ,244.0,LT,0.05915,8.825094
2000011,PISCO SOUR DE MARACUYÁ,458.0,LT,0.00444,10.0
2000011,PISCO SOUR DE MARACUYÁ,497.0,LT,0.02957,10.4
2000011,PISCO SOUR DE MARACUYÁ,521.0,LT,0.08872,15.5
2000012,PISCO SOUR DE FRESA,58.0,KG,0.1,1.8
2000012,PISCO SOUR DE FRESA,60.0,UNID,1.0,0.41
2000012,PISCO SOUR DE FRESA,158.0,KG,0.008,6.38
2000012,PISCO SOUR DE FRESA,158.0,KG,0.015,6.38
2000012,PISCO SOUR DE FRESA,243.0,LT,0.05915,4.4245969
2000012,PISCO SOUR DE FRESA,458.0,LT,0.00444,10.0
2000012,PISCO SOUR DE FRESA,521.0,LT,0.08872,15.5
2000013,MOJITO EL CLÁSICO,58.0,KG,0.1,1.8
2000013,MOJITO EL CLÁSICO,150.0,KG,0.01,13.4
2000013,MOJITO EL CLÁSICO,158.0,KG,0.03,6.38
2000013,MOJITO EL CLÁSICO,216.0,KG,0.002,71.4571219
2000013,MOJITO EL CLÁSICO,458.0,LT,0.001,10.0
2000013,MOJITO EL CLÁSICO,465.0,LT,0.17744,0.65
2000013,MOJITO EL CLÁSICO,497.0,LT,0.02957,10.4
2000013,MOJITO EL CLÁSICO,523.0,LT,0.05915,27.5
2000014,MOJITO DE FINAS HIERBAS,58.0,KG,0.1,1.8
2000014,MOJITO DE FINAS HIERBAS,150.0,KG,0.01,13.4
2000014,MOJITO DE FINAS HIERBAS,158.0,KG,0.03,6.38
2000014,MOJITO DE FINAS HIERBAS,216.0,KG,0.002,71.4571219
2000014,MOJITO DE FINAS HIERBAS,242.0,LT,0.04436,3.813238
2000014,MOJITO DE FINAS HIERBAS,458.0,LT,0.001,10.0
2000014,MOJITO DE FINAS HIERBAS,465.0,LT,0.17744,0.65
2000014,MOJITO DE FINAS HIERBAS,523.0,LT,0.05915,27.5
2000015,MOJITO DE ARÁNDANOS,58.0,KG,0.1,1.8
2000015,MOJITO DE ARÁNDANOS,150.0,KG,0.01,13.4
2000015,MOJITO DE ARÁNDANOS,158.0,KG,0.03,6.38
2000015,MOJITO DE ARÁNDANOS,216.0,KG,0.002,71.4571219
2000015,MOJITO DE ARÁNDANOS,241.0,LT,0.04436,4.80745
2000015,MOJITO DE ARÁNDANOS,458.0,LT,0.001,10.0
2000015,MOJITO DE ARÁNDANOS,465.0,LT,0.17744,0.65
2000015,MOJITO DE ARÁNDANOS,523.0,LT,0.05915,27.5
2000016,MOJITO DE MARACUYÁ,58.0,KG,0.1,1.8
2000016,MOJITO DE MARACUYÁ,150.0,KG,0.01,13.4
2000016,MOJITO DE MARACUYÁ,158.0,KG,0.03,6.38
2000016,MOJITO DE MARACUYÁ,165.0,KG,0.001,2.56
2000016,MOJITO DE MARACUYÁ,216.0,KG,0.002,71.4571219
2000016,MOJITO DE MARACUYÁ,244.0,LT,0.04436,8.825094
2000016,MOJITO DE MARACUYÁ,465.0,LT,0.17744,0.65
2000016,MOJITO DE MARACUYÁ,497.0,LT,0.02957,10.4
2000016,MOJITO DE MARACUYÁ,523.0,LT,0.05915,27.5
2000017,MOJITO DE FRESA,58.0,KG,0.1,1.8
2000017,MOJITO DE FRESA,150.0,KG,0.01,13.4
2000017,MOJITO DE FRESA,158.0,KG,0.03,6.38
2000017,MOJITO DE FRESA,216.0,KG,0.002,71.4571219
2000017,MOJITO DE FRESA,243.0,LT,0.04436,4.4245969
2000017,MOJITO DE FRESA,458.0,LT,0.001,10.0
2000017,MOJITO DE FRESA,465.0,LT,0.17744,0.65
2000017,MOJITO DE FRESA,523.0,LT,0.05915,27.5
2000018,CHILCANO EL CLÁSICO,58.0,KG,0.1,1.8
2000018,CHILCANO EL CLÁSICO,158.0,KG,0.03,6.38
2000018,CHILCANO EL CLÁSICO,216.0,KG,0.002,71.4571219
2000018,CHILCANO EL CLÁSICO,458.0,LT,0.00444,10.0
2000018,CHILCANO EL CLÁSICO,491.0,LT,0.17744,4.213333333333333
2000018,CHILCANO EL CLÁSICO,497.0,LT,0.00444,10.4
2000018,CHILCANO EL CLÁSICO,521.0,LT,0.05915,15.5
2000019,CHILCANO DE FINAS HIERBAS,58.0,KG,0.1,1.8
2000019,CHILCANO DE FINAS HIERBAS,158.0,KG,0.03,6.38
2000019,CHILCANO DE FINAS HIERBAS,216.0,KG,0.002,71.4571219
2000019,CHILCANO DE FINAS HIERBAS,242.0,LT,0.04436,3.813238
2000019,CHILCANO DE FINAS HIERBAS,458.0,LT,0.00444,10.0
2000019,CHILCANO DE FINAS HIERBAS,491.0,LT,0.17744,4.213333333333333
2000019,CHILCANO DE FINAS HIERBAS,521.0,LT,0.05915,15.5
2000020,CHILCANO DE MARACUYÁ,58.0,KG,0.1,1.8
2000020,CHILCANO DE MARACUYÁ,158.0,KG,0.03,6.38
2000020,CHILCANO DE MARACUYÁ,216.0,KG,0.002,71.4571219
2000020,CHILCANO DE MARACUYÁ,244.0,LT,0.04436,8.825094
2000020,CHILCANO DE MARACUYÁ,458.0,LT,0.00444,10.0
2000020,CHILCANO DE MARACUYÁ,491.0,LT,0.17744,4.213333333333333
2000020,CHILCANO DE MARACUYÁ,497.0,LT,0.02957,10.4
2000020,CHILCANO DE MARACUYÁ,521.0,LT,0.05915,15.5
2000021,CHILCANO DE ARÁNDANOS,58.0,KG,0.1,1.8
2000021,CHILCANO DE ARÁNDANOS,158.0,KG,0.03,6.38
2000021,CHILCANO DE ARÁNDANOS,216.0,KG,0.002,71.4571219
2000021,CHILCANO DE ARÁNDANOS,241.0,LT,0.04436,4.80745
2000021,CHILCANO DE ARÁNDANOS,458.0,LT,0.00444,10.0
2000021,CHILCANO DE ARÁNDANOS,491.0,LT,0.17744,4.213333333333333
2000021,CHILCANO DE ARÁNDANOS,521.0,LT,0.05915,15.5
2000022,CHILCANO DE FRESA,58.0,KG,0.1,1.8
2000022,CHILCANO DE FRESA,158.0,KG,0.015,6.38
2000022,CHILCANO DE FRESA,216.0,KG,0.002,71.4571219
2000022,CHILCANO DE FRESA,243.0,LT,0.04436,4.4245969
2000022,CHILCANO DE FRESA,458.0,LT,0.00444,10.0
2000022,CHILCANO DE FRESA,491.0,LT,0.17744,4.213333333333333
2000022,CHILCANO DE FRESA,521.0,LT,0.05915,15.5
2000023,DAIQUIRI EL CLÁSICO,58.0,KG,0.25,1.8
2000023,DAIQUIRI EL CLÁSICO,158.0,KG,0.055,6.38
2000023,DAIQUIRI EL CLÁSICO,497.0,LT,0.02957,10.4
2000023,DAIQUIRI EL CLÁSICO,523.0,LT,0.08872,27.5
2000024,DAIQUIRI DE FINAS HIERBAS,58.0,KG,0.25,1.8
2000024,DAIQUIRI DE FINAS HIERBAS,158.0,KG,0.055,6.38
2000024,DAIQUIRI DE FINAS HIERBAS,242.0,LT,0.02957,3.813238
2000024,DAIQUIRI DE FINAS HIERBAS,497.0,LT,0.02957,10.4
2000024,DAIQUIRI DE FINAS HIERBAS,523.0,LT,0.08872,27.5
2000025,DAIQUIRI DE ARÁNDANOS,58.0,KG,0.25,1.8
2000025,DAIQUIRI DE ARÁNDANOS,158.0,KG,0.055,6.38
2000025,DAIQUIRI DE ARÁNDANOS,241.0,LT,0.02957,4.80745
2000025,DAIQUIRI DE ARÁNDANOS,497.0,LT,0.02957,10.4
2000025,DAIQUIRI DE ARÁNDANOS,523.0,LT,0.08872,27.5
2000026,DAIQUIRI DE MARACUYÁ,58.0,KG,0.25,1.8
2000026,DAIQUIRI DE MARACUYÁ,158.0,KG,0.055,6.38
2000026,DAIQUIRI DE MARACUYÁ,244.0,LT,0.02957,8.825094
2000026,DAIQUIRI DE MARACUYÁ,497.0,LT,0.02957,10.4
2000026,DAIQUIRI DE MARACUYÁ,523.0,LT,0.08872,27.5
2000027,DAIQUIRI DE FRESA,58.0,KG,0.25,1.8
2000027,DAIQUIRI DE FRESA,158.0,KG,0.055,6.38
2000027,DAIQUIRI DE FRESA,243.0,LT,0.02957,4.4245969
2000027,DAIQUIRI DE FRESA,497.0,LT,0.02957,10.4
2000027,DAIQUIRI DE FRESA,523.0,LT,0.08872,27.5
2000028,GIN TONIC,16.0,KG,0.0005,55.68
2000028,GIN TONIC,58.0,KG,0.2,1.8
2000028,GIN TONIC,158.0,KG,0.001,6.38
2000028,GIN TONIC,169.0,KG,0.01,2.8
2000028,GIN TONIC,456.0,UNID,0.17744,5.38
2000028,GIN TONIC,492.0,LT,0.07393,33.06666666666666
2000029,GIN DE ARÁNDANOS,58.0,KG,0.15,1.8
2000029,GIN DE ARÁNDANOS,158.0,KG,0.035,6.38
2000029,GIN DE ARÁNDANOS,241.0,LT,0.02957,4.80745
2000029,GIN DE ARÁNDANOS,456.0,UNID,0.007,5.38
2000029,GIN DE ARÁNDANOS,492.0,LT,0.08872,33.06666666666666
2000030,GIN DE FINAS HIERBAS,58.0,KG,0.15,1.8
2000030,GIN DE FINAS HIERBAS,158.0,KG,0.035,6.38
2000030,GIN DE FINAS HIERBAS,242.0,LT,0.02957,3.813238
2000030,GIN DE FINAS HIERBAS,456.0,UNID,0.007,5.38
2000030,GIN DE FINAS HIERBAS,492.0,LT,0.08872,33.06666666666666
2000031,GIN DE MARACUYÁ,58.0,KG,0.15,1.8
2000031,GIN DE MARACUYÁ,158.0,KG,0.035,6.38
2000031,GIN DE MARACUYÁ,244.0,LT,0.02957,8.825094
2000031,GIN DE MARACUYÁ,456.0,UNID,0.007,5.38
2000031,GIN DE MARACUYÁ,492.0,LT,0.08872,33.06666666666666
2000032,GIN DE FRESA,58.0,KG,0.15,1.8
2000032,GIN DE FRESA,158.0,KG,0.035,6.38
2000032,GIN DE FRESA,243.0,LT,0.02957,4.4245969
2000032,GIN DE FRESA,456.0,UNID,0.007,5.38
2000032,GIN DE FRESA,492.0,LT,0.08872,33.06666666666666
2000033,SPARKLINGS DE FRESA,58.0,KG,0.2,1.8
2000033,SPARKLINGS DE FRESA,70.0,KG,0.005,28.39
2000033,SPARKLINGS DE FRESA,158.0,KG,0.03,6.38
2000033,SPARKLINGS DE FRESA,176.0,KG,0.002,5.96
2000033,SPARKLINGS DE FRESA,217.0,KG,0.001,78.5231
2000033,SPARKLINGS DE FRESA,243.0,LT,0.05915,4.4245969
2000033,SPARKLINGS DE FRESA,491.0,LT,0.23659,4.213333333333333
2000034,SPARKLINGS DE MARACUYÁ,58.0,KG,0.2,1.8
2000034,SPARKLINGS DE MARACUYÁ,70.0,KG,0.005,28.39
2000034,SPARKLINGS DE MARACUYÁ,158.0,KG,0.03,6.38
2000034,SPARKLINGS DE MARACUYÁ,176.0,KG,0.002,5.96
2000034,SPARKLINGS DE MARACUYÁ,216.0,KG,0.001,71.4571219
2000034,SPARKLINGS DE MARACUYÁ,244.0,LT,0.05915,8.825094
2000034,SPARKLINGS DE MARACUYÁ,491.0,LT,0.23659,4.213333333333333
2000035,SPARKLINGS DE ARÁNDANOS,58.0,KG,0.2,1.8
2000035,SPARKLINGS DE ARÁNDANOS,70.0,KG,0.005,28.39
2000035,SPARKLINGS DE ARÁNDANOS,158.0,KG,0.03,6.38
2000035,SPARKLINGS DE ARÁNDANOS,176.0,KG,0.002,5.96
2000035,SPARKLINGS DE ARÁNDANOS,216.0,KG,0.001,71.4571219
2000035,SPARKLINGS DE ARÁNDANOS,241.0,LT,0.05915,4.80745
2000035,SPARKLINGS DE ARÁNDANOS,491.0,LT,0.23659,4.213333333333333
2000036,SPARKLINGS DE MORA AZUL,58.0,KG,0.2,1.8
2000036,SPARKLINGS DE MORA AZUL,158.0,KG,0.055,6.38
2000036,SPARKLINGS DE MORA AZUL,456.0,UNID,0.12,5.38
2000036,SPARKLINGS DE MORA AZUL,463.0,LT,0.05915,22.666666666666664
2000037,SPARKLINGS DE MORA,58.0,KG,0.2,1.8
2000037,SPARKLINGS DE MORA,158.0,KG,0.055,6.38
2000037,SPARKLINGS DE MORA,456.0,UNID,0.12,5.38
2000037,SPARKLINGS DE MORA,463.0,LT,0.06,22.666666666666664
2000038,SPARKLINGS DE CANELA,26.0,KG,0.06,65.0
2000038,SPARKLINGS DE CANELA,58.0,KG,0.2,1.8
2000038,SPARKLINGS DE CANELA,158.0,KG,0.055,6.38
2000038,SPARKLINGS DE CANELA,456.0,UNID,0.12,5.38
2000039,SPARKLINGS DE FINAS HIERBAS,58.0,KG,0.2,1.8
2000039,SPARKLINGS DE FINAS HIERBAS,70.0,KG,0.005,28.39
2000039,SPARKLINGS DE FINAS HIERBAS,158.0,KG,0.03,6.38
2000039,SPARKLINGS DE FINAS HIERBAS,176.0,KG,0.002,5.96
2000039,SPARKLINGS DE FINAS HIERBAS,216.0,KG,0.001,71.4571219
2000039,SPARKLINGS DE FINAS HIERBAS,242.0,LT,0.05915,3.813238
2000039,SPARKLINGS DE FINAS HIERBAS,491.0,LT,0.23659,4.213333333333333
2000042,PORCIÓN DE HELADO,600.0,UNID,1.0,0.51
2000043,SANTIAGO QUEIROLO BORGOÑA,542.0,UNID,1.0,13.0
2000044,SANTIAGO QUEIROLO ROSÉ,541.0,UNID,1.0,12.83
2000045,SANTIAGO QUEIROLO MAGDALENA,540.0,UNID,1.0,13.0
2000046,TACAMA ROSÉ,528.0,UNID,1.0,18.0
2000047,TACAMA GRAN TINTO,529.0,UNID,1.0,25.1
2000048,INTIPALKA MALBEC,536.0,UNID,1.0,30.15
2000049,INTIPALKA SAUVIGNON BLANC,537.0,UNID,1.0,28.93
2000050,INTIPALKA CABERNET SAUVIGNON,535.0,UNID,1.0,40.0
2000051,CASILLERO DIABLO CABERNET SAUVIGNON,530.0,UNID,1.0,37.0
2000053,FRONTERA CABERNET SAUVIGNON,533.0,UNID,1.0,45.0
2000054,NAVARRO CORREAS MALBEC,538.0,UNID,1.0,48.0
2000055,NAVARRO CORREAS CABERNET SAUVIGNON,539.0,UNID,1.0,45.0
2000056,SANGRIA CLÁSICA JARRA,58.0,KG,0.15,1.8
2000056,SANGRIA CLÁSICA JARRA,217.0,KG,0.001,78.5231
2000056,SANGRIA CLÁSICA JARRA,218.0,KG,0.002,23.253555
2000056,SANGRIA CLÁSICA JARRA,498.0,LT,0.05915,10.4
2000056,SANGRIA CLÁSICA JARRA,521.0,LT,0.04436,15.5
2000056,SANGRIA CLÁSICA JARRA,532.0,LT,0.53232,12.99
2000057,SANGRIA CLÁSICA VASO,58.0,KG,0.05,1.8
2000057,SANGRIA CLÁSICA VASO,217.0,KG,0.001,78.5231
2000057,SANGRIA CLÁSICA VASO,218.0,KG,0.002,23.253555
2000057,SANGRIA CLÁSICA VASO,498.0,LT,0.01479,10.4
2000057,SANGRIA CLÁSICA VASO,521.0,LT,0.01479,15.5
2000057,SANGRIA CLÁSICA VASO,532.0,LT,0.11829,12.99
2000058,SANGRÍA ESPAÑOLA JARRA,58.0,KG,0.15,1.8
2000058,SANGRÍA ESPAÑOLA JARRA,217.0,KG,0.001,78.5231
2000058,SANGRÍA ESPAÑOLA JARRA,218.0,KG,0.002,23.253555
2000058,SANGRÍA ESPAÑOLA JARRA,498.0,LT,0.05915,10.4
2000058,SANGRÍA ESPAÑOLA JARRA,500.0,LT,0.29573,2.166666666666667
2000058,SANGRÍA ESPAÑOLA JARRA,521.0,LT,0.04436,15.5
2000058,SANGRÍA ESPAÑOLA JARRA,532.0,LT,0.53232,12.99
2000059,SANGRÍA ESPAÑOLA VASO,58.0,KG,0.05,1.8
2000059,SANGRÍA ESPAÑOLA VASO,217.0,KG,0.001,78.5231
2000059,SANGRÍA ESPAÑOLA VASO,218.0,KG,0.002,23.253555
2000059,SANGRÍA ESPAÑOLA VASO,498.0,LT,0.01479,10.4
2000059,SANGRÍA ESPAÑOLA VASO,500.0,LT,0.08872,2.166666666666667
2000059,SANGRÍA ESPAÑOLA VASO,521.0,LT,0.01479,15.5
2000059,SANGRÍA ESPAÑOLA VASO,532.0,LT,0.11829,12.99
2000060,VINO CALIENTE JARRA,25.0,KG,0.005,74.09
2000060,VINO CALIENTE JARRA,32.0,KG,0.005,46.0
2000060,VINO CALIENTE JARRA,217.0,KG,0.001,78.5231
2000060,VINO CALIENTE JARRA,218.0,KG,0.002,23.253555
2000060,VINO CALIENTE JARRA,498.0,LT,0.05915,10.4
2000060,VINO CALIENTE JARRA,500.0,LT,0.29573,2.166666666666667
2000060,VINO CALIENTE JARRA,521.0,LT,0.04436,15.5
2000060,VINO CALIENTE JARRA,532.0,LT,0.53232,12.99
2000061,VINO CALIENTE COPA,25.0,KG,0.002,74.09
2000061,VINO CALIENTE COPA,32.0,KG,0.002,46.0
2000061,VINO CALIENTE COPA,217.0,KG,0.001,78.5231
2000061,VINO CALIENTE COPA,218.0,KG,0.002,23.253555
2000061,VINO CALIENTE COPA,498.0,LT,0.01479,10.4
2000061,VINO CALIENTE COPA,500.0,LT,0.08872,2.166666666666667
2000061,VINO CALIENTE COPA,521.0,LT,0.01479,15.5
2000061,VINO CALIENTE COPA,532.0,LT,0.11829,12.99
2000062,LIMONADA CLÁSICA JARRA,20.0,KG,0.22,2.62
2000062,LIMONADA CLÁSICA JARRA,158.0,KG,0.09,6.38
2000062,LIMONADA CLÁSICA JARRA,216.0,KG,0.002,71.4571219
2000062,LIMONADA CLÁSICA JARRA,465.0,LT,0.82806,0.65
2000063,LIMONADA CLÁSICA VASO,20.0,KG,0.09,2.62
2000063,LIMONADA CLÁSICA VASO,158.0,KG,0.06,6.38
2000063,LIMONADA CLÁSICA VASO,216.0,KG,0.001,71.4571219
2000063,LIMONADA CLÁSICA VASO,465.0,LT,0.17744,0.65
2000064,LIMONADA FROZEN JARRA,20.0,KG,0.25,2.62
2000064,LIMONADA FROZEN JARRA,58.0,KG,0.4,1.8
2000064,LIMONADA FROZEN JARRA,158.0,KG,0.09,6.38
2000064,LIMONADA FROZEN JARRA,216.0,KG,0.002,71.4571219
2000064,LIMONADA FROZEN JARRA,465.0,LT,0.47318,0.65
2000065,LIMONADA FROZEN VASO,20.0,KG,0.15,2.62
2000065,LIMONADA FROZEN VASO,58.0,KG,0.25,1.8
2000065,LIMONADA FROZEN VASO,158.0,KG,0.06,6.38
2000065,LIMONADA FROZEN VASO,216.0,KG,0.001,71.4571219
2000065,LIMONADA FROZEN VASO,465.0,LT,0.17744,0.65
2000066,LIMONADA ELÉCTRICA JARRA,20.0,KG,0.22,2.62
2000066,LIMONADA ELÉCTRICA JARRA,158.0,KG,0.09,6.38
2000066,LIMONADA ELÉCTRICA JARRA,216.0,KG,0.002,71.4571219
2000066,LIMONADA ELÉCTRICA JARRA,465.0,LT,0.82806,0.65
2000066,LIMONADA ELÉCTRICA JARRA,512.0,LT,0.05915,25.333333333333332
2000067,LIMONADA ELÉCTRICA VASO,20.0,KG,0.09,2.62
2000067,LIMONADA ELÉCTRICA VASO,158.0,KG,0.06,6.38
2000067,LIMONADA ELÉCTRICA VASO,216.0,KG,0.001,71.4571219
2000067,LIMONADA ELÉCTRICA VASO,465.0,LT,0.17744,0.65
2000067,LIMONADA ELÉCTRICA VASO,512.0,LT,0.01479,25.333333333333332
2000068,LIMONADA DE MENTA JARRA,20.0,KG,0.22,2.62
2000068,LIMONADA DE MENTA JARRA,158.0,KG,0.09,6.38
2000068,LIMONADA DE MENTA JARRA,216.0,KG,0.002,71.4571219
2000068,LIMONADA DE MENTA JARRA,465.0,LT,0.82806,0.65
2000068,LIMONADA DE MENTA JARRA,516.0,LT,0.05915,25.88
2000069,LIMONADA DE MENTA VASO,20.0,KG,0.09,2.62
2000069,LIMONADA DE MENTA VASO,158.0,KG,0.06,6.38
2000069,LIMONADA DE MENTA VASO,216.0,KG,0.001,71.4571219
2000069,LIMONADA DE MENTA VASO,465.0,LT,0.17744,0.65
2000069,LIMONADA DE MENTA VASO,516.0,LT,0.01479,25.88
2000070,LIMONADA DE HIERBA BUENA JARRA,20.0,KG,0.22,2.62
2000070,LIMONADA DE HIERBA BUENA JARRA,150.0,KG,0.04,13.4
2000070,LIMONADA DE HIERBA BUENA JARRA,158.0,KG,0.09,6.38
2000070,LIMONADA DE HIERBA BUENA JARRA,216.0,KG,0.002,71.4571219
2000070,LIMONADA DE HIERBA BUENA JARRA,465.0,LT,0.82806,0.65
2000071,LIMONADA DE HIERBA BUENA VASO,20.0,KG,0.09,2.62
2000071,LIMONADA DE HIERBA BUENA VASO,150.0,KG,0.01,13.4
2000071,LIMONADA DE HIERBA BUENA VASO,158.0,KG,0.06,6.38
2000071,LIMONADA DE HIERBA BUENA VASO,216.0,KG,0.001,71.4571219
2000071,LIMONADA DE HIERBA BUENA VASO,465.0,LT,0.17744,0.65
2000072,LIMONADA DE MORA AZUL JARRA,20.0,KG,0.22,2.62
2000072,LIMONADA DE MORA AZUL JARRA,158.0,KG,0.09,6.38
2000072,LIMONADA DE MORA AZUL JARRA,463.0,LT,0.05915,22.666666666666664
2000072,LIMONADA DE MORA AZUL JARRA,465.0,LT,0.82806,0.65
2000073,LIMONADA DE MORA AZUL VASO,20.0,KG,0.09,2.62
2000073,LIMONADA DE MORA AZUL VASO,158.0,KG,0.06,6.38
2000073,LIMONADA DE MORA AZUL VASO,463.0,LT,0.01479,22.666666666666664
2000073,LIMONADA DE MORA AZUL VASO,465.0,LT,0.17744,0.65
2000074,CHICHA MORADA JARRA,34.0,LT,0.2,8.22
2000074,CHICHA MORADA JARRA,158.0,KG,0.09,6.38
2000075,CHICHA MORADA VASO,34.0,LT,0.1,8.22
2000075,CHICHA MORADA VASO,158.0,KG,0.06,6.38
2000076,MARACUYÁ JARRA ,35.0,LT,0.2,12.6
2000076,MARACUYÁ JARRA ,158.0,KG,0.09,6.38
2000077,MARACUYÁ VASO,35.0,LT,0.1,12.6
2000077,MARACUYÁ VASO,158.0,KG,0.06,6.38
2000078,INCA KOLA 2.25 LT,493.0,UNID,1.0,8.22
2000079,INCA KOLA 1 LT,496.0,UNID,1.0,3.49
2000080,INCA KOLA 500 ML,495.0,UNID,1.0,2.62
2000081,INCA KOLA 296 ML,494.0,UNID,1.0,1.25
2000082,COCA COLA 2.25 LT,473.0,UNID,1.0,8.26
2000083,COCA COLA 1 LT,472.0,UNID,1.0,3.49
2000084,COCA COLA 500 ML,476.0,UNID,1.0,2.63
2000085,COCA COLA ZERO 0.500 ML,477.0,UNID,1.0,2.15
2000086,COCA COLA 296 ML,474.0,UNID,1.0,1.25
2000087,KOLA ESCOSESA 2 L,504.0,UNID,1.0,8.17
2000088,KOLA ESCOSESA 1.5 L,501.0,UNID,1.0,6.24
2000089,KOLA ESCOSESA 600 ML,503.0,UNID,1.0,3.21
2000090,KOLA ESCOCESA 440 ML,502.0,LT,1.0,4.795454545454546
2000091,AGUA SIN GAS,525.0,UNID,1.0,1.18
2000092,AGUA CON GAS,524.0,UNID,1.0,1.47
2000093,CAPUCCINO CLÁSICO,20.0,KG,0.03,2.62
2000093,CAPUCCINO CLÁSICO,23.0,KG,0.045,101.82
2000093,CAPUCCINO CLÁSICO,63.0,LT,0.14175,9.620253164556962
2000094,CAPUCCINO CREMA,20.0,KG,0.022,2.62
2000094,CAPUCCINO CREMA,23.0,KG,0.045,101.82
2000094,CAPUCCINO CREMA,36.0,LT,0.05,22.07
2000094,CAPUCCINO CREMA,63.0,LT,0.14175,9.620253164556962
2000095,MOCACCINO,22.0,KG,0.07,74.39
2000095,MOCACCINO,63.0,LT,0.1134,9.620253164556962
2000095,MOCACCINO,213.0,KG,0.02835,28.18
2000096,AMERICANO,20.0,KG,0.03,2.62
2000096,AMERICANO,22.0,KG,0.07,74.39
2000098,EXPRESS CLÁSICO,20.0,KG,0.03,2.62
2000098,EXPRESS CLÁSICO,22.0,KG,0.06,74.39
2000099,EXPRESS CORTADO,20.0,KG,0.03,2.62
2000099,EXPRESS CORTADO,22.0,KG,0.06,74.39
2000099,EXPRESS CORTADO,63.0,LT,0.1134,9.620253164556962
2000100,INFUSIONES CLÁSICAS,20.0,KG,0.015,2.62
2000100,INFUSIONES CLÁSICAS,43.0,UNID,1.0,0.08
2000101,INFUSIÓN VIKINGAS,158.0,KG,0.035,6.38
2000101,INFUSIÓN VIKINGAS,459.0,LT,0.02957,44.0
2000101,INFUSIÓN VIKINGAS,659.0,UNID,1.0,0.09
2000102,CHOP GREEN VIKINGA,512.0,LT,0.04436,25.333333333333332
2000102,CHOP GREEN VIKINGA,519.0,UNID,1.0,3.47
2000102,CHOP GREEN VIKINGA,520.0,UNID,1.0,5.59
2000103,CHOP CLÁSICA,519.0,UNID,1.0,3.47
2000103,CHOP CLÁSICA,520.0,UNID,1.0,5.59
2000104,CUSQUEÑA NEGRA - 630 ML,487.0,UNID,1.0,3.82
2000105,CUSQUEÑA NEGRA - 330 ML,486.0,UNID,1.0,1.91
2000106,CUSQUEÑA TRIGO - 630 ML ,483.0,UNID,1.0,5.49
2000107,CUSQUEÑA TRIGO - 330 ML ,482.0,UNID,1.0,3.25
2000108,CUSQUEÑA DORADA - 630 ML,485.0,UNID,1.0,6.45
2000109,CUSQUEÑA DORADA - 330 ML,484.0,UNID,1.0,3.6
2000110,CUSQUEÑA DOBLE MALTA - 330 ML ,480.0,UNID,1.0,4.1
2000111,CORONA - 355 ML,478.0,UNID,1.0,3.92
2000112,PILSEN - 630 ML,520.0,UNID,1.0,5.59
2000113,PILSEN - 355 ML,519.0,UNID,1.0,3.47
2000114,STELLA ARTOIS,527.0,UNID,1.0,4.15
2000116,SANGRÍA VIKINGA JARRA,58.0,KG,0.1,1.8
2000116,SANGRÍA VIKINGA JARRA,217.0,KG,0.001,78.5231
2000116,SANGRÍA VIKINGA JARRA,218.0,KG,0.002,23.253555
2000116,SANGRÍA VIKINGA JARRA,459.0,LT,0.02957,44.0
2000116,SANGRÍA VIKINGA JARRA,498.0,LT,0.02957,10.4
2000116,SANGRÍA VIKINGA JARRA,504.0,UNID,0.17744,8.17
2000116,SANGRÍA VIKINGA JARRA,515.0,LT,0.02957,25.946666666666665
2000116,SANGRÍA VIKINGA JARRA,532.0,LT,0.23659,12.99
2000117,SANGRÍA VIKINGA VASO,58.0,KG,0.05,1.8
2000117,SANGRÍA VIKINGA VASO,217.0,KG,0.001,78.5231
2000117,SANGRÍA VIKINGA VASO,218.0,KG,0.002,23.253555
2000117,SANGRÍA VIKINGA VASO,459.0,LT,0.01479,44.0
2000117,SANGRÍA VIKINGA VASO,498.0,LT,0.01479,10.4
2000117,SANGRÍA VIKINGA VASO,504.0,UNID,0.08872,8.17
2000117,SANGRÍA VIKINGA VASO,515.0,LT,0.01479,25.946666666666665
2000117,SANGRÍA VIKINGA VASO,532.0,LT,0.11829,12.99
2000118,PISCO SOUR CORTESÍA,58.0,KG,0.1,1.8
2000118,PISCO SOUR CORTESÍA,60.0,UNID,1.0,0.41
2000118,PISCO SOUR CORTESÍA,158.0,KG,0.06,6.38
2000118,PISCO SOUR CORTESÍA,458.0,LT,0.00444,10.0
2000118,PISCO SOUR CORTESÍA,497.0,LT,0.04436,10.4
2000118,PISCO SOUR CORTESÍA,521.0,LT,0.08872,15.5
2000119,FANTA 500 ML,490.0,UNID,1.0,1.9
2000126,CUSQUEÑA DOBLE MALTA 620 ML,481.0,UNID,1.0,6.01
2000127,ARI ÁGUILA,20.0,KG,0.015,2.62
2000127,ARI ÁGUILA,58.0,KG,0.2,1.8
2000127,ARI ÁGUILA,216.0,KG,0.001,71.4571219
2000127,ARI ÁGUILA,218.0,KG,0.001,23.253555
2000127,ARI ÁGUILA,219.0,KG,0.001,32.3142808
2000127,ARI ÁGUILA,223.0,LT,0.23659,6.9834115
2000127,ARI ÁGUILA,282.0,LT,0.0005,4.49
2000127,ARI ÁGUILA,521.0,LT,0.05915,15.5
2000127,ARI ÁGUILA,523.0,LT,0.02957,27.5
2000128,ASGEIR LANZA DE DIOS,25.0,KG,0.001,74.09
2000128,ASGEIR LANZA DE DIOS,58.0,KG,0.2,1.8
2000128,ASGEIR LANZA DE DIOS,218.0,KG,0.001,23.253555
2000128,ASGEIR LANZA DE DIOS,219.0,KG,0.001,32.3142808
2000128,ASGEIR LANZA DE DIOS,224.0,LT,0.23659,7.59056826
2000128,ASGEIR LANZA DE DIOS,458.0,LT,0.00739,10.0
2000128,ASGEIR LANZA DE DIOS,521.0,LT,0.05915,15.5
2000129,BRAND ESPADA,25.0,KG,0.001,74.09
2000129,BRAND ESPADA,58.0,KG,0.2,1.8
2000129,BRAND ESPADA,216.0,KG,0.001,71.4571219
2000129,BRAND ESPADA,218.0,KG,0.001,23.253555
2000129,BRAND ESPADA,225.0,LT,0.29573,2.3378753
2000129,BRAND ESPADA,522.0,LT,0.05915,27.5
2000130,EINAR LIDER GUERRERO,58.0,KG,0.2,1.8
2000130,EINAR LIDER GUERRERO,216.0,KG,0.001,71.4571219
2000130,EINAR LIDER GUERRERO,218.0,KG,0.001,23.253555
2000130,EINAR LIDER GUERRERO,226.0,LT,0.29573,5.5037071408
2000130,EINAR LIDER GUERRERO,521.0,LT,0.05915,15.5
2000131,EIRICK GOBERNANTE ETERNO,16.0,KG,0.002,55.68
2000131,EIRICK GOBERNANTE ETERNO,58.0,KG,0.2,1.8
2000131,EIRICK GOBERNANTE ETERNO,218.0,KG,0.001,23.253555
2000131,EIRICK GOBERNANTE ETERNO,229.0,LT,0.29573,2.4689795
2000131,EIRICK GOBERNANTE ETERNO,459.0,LT,0.01479,44.0
2000131,EIRICK GOBERNANTE ETERNO,521.0,LT,0.08872,15.5
2000132,GUDRUN AMADO POR LOS DIOSES,25.0,KG,0.001,74.09
2000132,GUDRUN AMADO POR LOS DIOSES,230.0,LT,0.23659,16.59882623
2000132,GUDRUN AMADO POR LOS DIOSES,466.0,LT,0.05915,77.33333333333333
2000132,GUDRUN AMADO POR LOS DIOSES,522.0,LT,0.04436,27.5
2000133,HELGAR SANTO,58.0,KG,0.2,1.8
2000133,HELGAR SANTO,70.0,KG,0.005,28.39
2000133,HELGAR SANTO,219.0,KG,0.001,32.3142808
2000133,HELGAR SANTO,231.0,LT,0.29573,4.59693036
2000133,HELGAR SANTO,521.0,LT,0.11829,15.5
2000134,MANA ATINA BLEND III,505.0,UNID,1.0,44.06
2000135,MANA ATINA SANGOVIESE,506.0,UNID,1.0,39.44
2000136,MANA ATINA NEGRA CRIOLLA,507.0,UNID,1.0,30.68
2000137,PORTAL DEL TIEMPO BORGOÑA,509.0,UNID,1.0,13.2
2000138,PORTAL DEL TIEMPO BLANCO MOSCATEL DE ALEJANDRÍA,508.0,UNID,1.0,18.17
2000139,SPARKLINGS DE PIÑA,58.0,KG,0.2,1.8
2000139,SPARKLINGS DE PIÑA,70.0,KG,0.005,28.39
2000139,SPARKLINGS DE PIÑA,172.0,KG,0.06,3.09
2000139,SPARKLINGS DE PIÑA,176.0,KG,0.002,5.96
2000139,SPARKLINGS DE PIÑA,219.0,KG,0.001,32.3142808
2000139,SPARKLINGS DE PIÑA,461.0,LT,0.01479,46.0
2000139,SPARKLINGS DE PIÑA,497.0,LT,0.05915,10.4
2000139,SPARKLINGS DE PIÑA,499.0,LT,0.17744,4.0
2000140,SPARKLINGS DE NARANJA,58.0,KG,0.2,1.8
2000140,SPARKLINGS DE NARANJA,70.0,KG,0.005,28.39
2000140,SPARKLINGS DE NARANJA,176.0,KG,0.002,5.96
2000140,SPARKLINGS DE NARANJA,218.0,KG,0.001,23.253555
2000140,SPARKLINGS DE NARANJA,461.0,LT,0.01479,46.0
2000140,SPARKLINGS DE NARANJA,497.0,LT,0.05915,10.4
2000140,SPARKLINGS DE NARANJA,500.0,LT,0.17744,2.166666666666667
2000141,LIMONADA VALQUIRIA JARRA,20.0,KG,0.22,2.62
2000141,LIMONADA VALQUIRIA JARRA,58.0,KG,0.2,1.8
2000141,LIMONADA VALQUIRIA JARRA,158.0,KG,0.09,6.38
2000141,LIMONADA VALQUIRIA JARRA,216.0,KG,0.002,71.4571219
2000141,LIMONADA VALQUIRIA JARRA,226.0,LT,0.23659,5.5037071408
2000141,LIMONADA VALQUIRIA JARRA,465.0,LT,0.59147,0.65
2000142,LIMONADA VALQUIRIA VASO,20.0,KG,0.9,2.62
2000142,LIMONADA VALQUIRIA VASO,58.0,KG,0.12,1.8
2000142,LIMONADA VALQUIRIA VASO,158.0,KG,0.06,6.38
2000142,LIMONADA VALQUIRIA VASO,216.0,KG,0.001,71.4571219
2000142,LIMONADA VALQUIRIA VASO,226.0,LT,0.08872,5.5037071408
2000142,LIMONADA VALQUIRIA VASO,465.0,LT,0.17744,0.65
2000143,LIMONADA FREYA JARRA,20.0,KG,0.22,2.62
2000143,LIMONADA FREYA JARRA,58.0,KG,0.4,1.8
2000143,LIMONADA FREYA JARRA,158.0,KG,0.9,6.38
2000143,LIMONADA FREYA JARRA,216.0,KG,0.002,71.4571219
2000143,LIMONADA FREYA JARRA,231.0,LT,0.23659,4.59693036
2000143,LIMONADA FREYA JARRA,465.0,LT,0.59147,0.65
2000144,LIMONADA FREYA VASO,20.0,KG,0.09,2.62
2000144,LIMONADA FREYA VASO,58.0,KG,0.12,1.8
2000144,LIMONADA FREYA VASO,158.0,KG,0.06,6.38
2000144,LIMONADA FREYA VASO,216.0,KG,0.001,71.4571219
2000144,LIMONADA FREYA VASO,231.0,LT,0.08872,4.59693036
2000144,LIMONADA FREYA VASO,465.0,LT,0.11829,0.65
2000145,AMOR FRIO,56.0,LT,0.12,5.38
2000145,AMOR FRIO,513.0,LT,0.01479,26.0
2000145,AMOR FRIO,514.0,LT,0.01479,25.626666666666665
2000145,AMOR FRIO,544.0,LT,0.02957,28.0
2000146,INCA KOLA ZERO 500 ML,774.0,UNID,1.0,2.38
3000001,SHOT DE ANIS NAJAR,459.0,LT,0.05915,44.0
3000006,PROMO CÓCTEL CHILCANO (3x2),58.0,KG,0.3,1.8
3000006,PROMO CÓCTEL CHILCANO (3x2),158.0,KG,0.09,6.38
3000006,PROMO CÓCTEL CHILCANO (3x2),458.0,LT,0.01332,10.0
3000006,PROMO CÓCTEL CHILCANO (3x2),491.0,LT,0.53232,4.213333333333333
3000006,PROMO CÓCTEL CHILCANO (3x2),497.0,LT,0.01332,10.4
3000006,PROMO CÓCTEL CHILCANO (3x2),521.0,LT,0.17745,15.5
3000007,PROMO CÓCTEL MOJITO (3x2),523.0,LT,0.17745,27.5
3000008,PISCO SOUR CUMPLEAÑERA,58.0,KG,0.1,1.8
3000008,PISCO SOUR CUMPLEAÑERA,60.0,UNID,1.0,0.41
3000008,PISCO SOUR CUMPLEAÑERA,158.0,KG,0.03,6.38
3000008,PISCO SOUR CUMPLEAÑERA,158.0,KG,0.09,6.38
3000008,PISCO SOUR CUMPLEAÑERA,458.0,LT,0.00333,10.0
3000008,PISCO SOUR CUMPLEAÑERA,497.0,LT,0.03327,10.4
3000008,PISCO SOUR CUMPLEAÑERA,521.0,LT,0.06654,15.5
3000009,PIÑA COLADA CUMPLEAÑERA,37.0,KG,0.001,27.2
3000009,PIÑA COLADA CUMPLEAÑERA,58.0,KG,0.1,1.8
3000009,PIÑA COLADA CUMPLEAÑERA,63.0,LT,0.01109,9.620253164556962
3000009,PIÑA COLADA CUMPLEAÑERA,150.0,KG,0.03,13.4
3000009,PIÑA COLADA CUMPLEAÑERA,172.0,KG,0.09,3.09
3000009,PIÑA COLADA CUMPLEAÑERA,497.0,LT,0.02957,10.4
3000009,PIÑA COLADA CUMPLEAÑERA,523.0,LT,0.04436,27.5
3000012,VINO SANTIAGO QUEIROLO BORGOÑA*,542.0,UNID,1.0,13.0
3000013,VINO SANTIAGO QUEIROLO ROSÉ*,541.0,UNID,1.0,12.83
3000014,CHANCHO A LA BRASA,182.0,KG,0.75,1.85
3000014,CHANCHO A LA BRASA,233.0,LT,0.05,7.865835
3000014,CHANCHO A LA BRASA,246.0,LT,0.06,7.0940443
3000027,CORTESIA SANGRÍA CLÁSICA ,58.0,KG,0.05,1.8
3000027,CORTESIA SANGRÍA CLÁSICA ,217.0,KG,0.001,78.5231
3000027,CORTESIA SANGRÍA CLÁSICA ,218.0,KG,0.002,23.253555
3000027,CORTESIA SANGRÍA CLÁSICA ,498.0,LT,0.01109,10.4
3000027,CORTESIA SANGRÍA CLÁSICA ,521.0,LT,0.01109,15.5
3000027,CORTESIA SANGRÍA CLÁSICA ,532.0,LT,0.08872,12.99
3000027,CORTESIA SANGRÍA CLÁSICA ,693.0,UNID,0.06654,6.86
3000030,CORTESÍA JARRA DE REFRESCO,34.0,LT,0.2,8.22
3000030,CORTESÍA JARRA DE REFRESCO,158.0,KG,0.09,6.38
3000032,CUBA LIBRE,58.0,KG,0.08,1.8
3000032,CUBA LIBRE,158.0,KG,0.015,6.38
3000032,CUBA LIBRE,475.0,UNID,0.18,9.88
3000032,CUBA LIBRE,522.0,LT,0.06,27.5
3000033,MAI TAI,58.0,KG,0.03,1.8
3000033,MAI TAI,70.0,KG,0.005,28.39
3000033,MAI TAI,497.0,LT,0.015,10.4
3000033,MAI TAI,499.0,LT,0.5,4.0
3000033,MAI TAI,500.0,LT,0.06,2.166666666666667
3000033,MAI TAI,522.0,LT,0.04437,27.5
3000033,MAI TAI,523.0,LT,0.04437,27.5
3000037,ALITAS + 2 PILSEN 330 ML,8.0,LT,0.15,6.94
3000037,ALITAS + 2 PILSEN 330 ML,182.0,KG,0.8,1.85
3000037,ALITAS + 2 PILSEN 330 ML,232.0,LT,0.03,7.2336244
3000037,ALITAS + 2 PILSEN 330 ML,237.0,LT,0.05,18.25868
3000037,ALITAS + 2 PILSEN 330 ML,519.0,UNID,2.0,3.47
3000037,ALITAS + 2 PILSEN 330 ML,603.0,UNID,2.0,8.2842494
3000047,Cortesía Empanada,249.0,UNID,0.16667,2.69397
3000048,2 CHOP CLÁSICO /VIKINGO ,512.0,LT,0.08872,25.333333333333332
3000048,2 CHOP CLÁSICO /VIKINGO ,519.0,UNID,2.0,3.47
3000048,2 CHOP CLÁSICO /VIKINGO ,520.0,UNID,2.0,5.59
3000057,SALCHIPAPA INFANTIL + BEBIDA ,8.0,LT,0.025,6.94
3000057,SALCHIPAPA INFANTIL + BEBIDA ,61.0,KG,0.03,5.37
3000057,SALCHIPAPA INFANTIL + BEBIDA ,72.0,LT,0.03,10.54
3000057,SALCHIPAPA INFANTIL + BEBIDA ,76.0,KG,0.03,5.38
3000057,SALCHIPAPA INFANTIL + BEBIDA ,100.0,KG,0.001,1.4
3000057,SALCHIPAPA INFANTIL + BEBIDA ,182.0,KG,0.45,1.85
3000057,SALCHIPAPA INFANTIL + BEBIDA ,621.0,KG,0.1,23.0
3000057,SALCHIPAPA INFANTIL + BEBIDA ,761.0,UNID,1.0,1.48
3000058,BIFE URUGUAYO *2DO A 1 SOL*,232.0,LT,0.03,7.2336244
3000058,BIFE URUGUAYO *2DO A 1 SOL*,553.0,UNID,1.0,22.92
3000058,BIFE URUGUAYO *2DO A 1 SOL*,676.0,KG,0.008,4.35707
3000059,ASADO DE TIRA AMERICANO*2DO A 1 SOL*,232.0,LT,0.03,7.2336244
3000059,ASADO DE TIRA AMERICANO*2DO A 1 SOL*,549.0,UNID,1.0,28.58
3000059,ASADO DE TIRA AMERICANO*2DO A 1 SOL*,676.0,KG,0.008,4.35707
3000064,PROMO PISCO SOUR (3X2),58.0,KG,0.3,1.8
3000064,PROMO PISCO SOUR (3X2),60.0,UNID,3.0,0.41
3000064,PROMO PISCO SOUR (3X2),158.0,KG,0.045,6.38
3000064,PROMO PISCO SOUR (3X2),458.0,LT,0.01332,10.0
3000064,PROMO PISCO SOUR (3X2),497.0,LT,0.13308,10.4
3000064,PROMO PISCO SOUR (3X2),521.0,LT,0.26616,15.5
3000069,COCTEL 3X2 PERUANÍSIMOS,773.0,UNID,1.0,3.25
3000069,COCTEL 3X2 PERUANÍSIMOS,773.0,UNID,1.0,1.0
3000070,SANGRIA MANAATINA BLEND III,58.0,KG,0.2,1.8
3000070,SANGRIA MANAATINA BLEND III,161.0,KG,0.001,9.0
3000070,SANGRIA MANAATINA BLEND III,218.0,KG,0.002,23.253555
3000070,SANGRIA MANAATINA BLEND III,488.0,UNID,0.222,7.26
3000070,SANGRIA MANAATINA BLEND III,498.0,LT,0.044,10.4
3000070,SANGRIA MANAATINA BLEND III,505.0,UNID,1.0,44.06
3000070,SANGRIA MANAATINA BLEND III,521.0,LT,0.033,15.5
3000071,SANGRIA MANAATINA SANGOVIESE,58.0,KG,0.2,1.8
3000071,SANGRIA MANAATINA SANGOVIESE,217.0,KG,0.001,78.5231
3000071,SANGRIA MANAATINA SANGOVIESE,218.0,KG,0.002,23.253555
3000071,SANGRIA MANAATINA SANGOVIESE,488.0,UNID,0.222,7.26
3000071,SANGRIA MANAATINA SANGOVIESE,498.0,LT,0.044,10.4
3000071,SANGRIA MANAATINA SANGOVIESE,506.0,UNID,1.0,39.44
3000071,SANGRIA MANAATINA SANGOVIESE,521.0,LT,0.033,15.5
3000072,SANGRIA MANAATINA NEGRA CRIOLLA,58.0,KG,0.2,1.8
3000072,SANGRIA MANAATINA NEGRA CRIOLLA,217.0,KG,0.001,78.5231
3000072,SANGRIA MANAATINA NEGRA CRIOLLA,218.0,KG,0.002,23.253555
3000072,SANGRIA MANAATINA NEGRA CRIOLLA,488.0,UNID,0.222,7.26
3000072,SANGRIA MANAATINA NEGRA CRIOLLA,498.0,LT,0.044,10.4
3000072,SANGRIA MANAATINA NEGRA CRIOLLA,507.0,UNID,1.0,30.68
3000072,SANGRIA MANAATINA NEGRA CRIOLLA,521.0,LT,0.033,15.5
3000073,COCTELES 3X2 BÁRBAROS,777.0,UNID,1.0,1.0
3000073,COCTELES 3X2 BÁRBAROS,777.0,UNID,1.0,4.18
3000074,SANGRIA ADICIONAL MANA ATINA,58.0,KG,0.2,1.8
3000074,SANGRIA ADICIONAL MANA ATINA,217.0,KG,0.001,78.5231
3000074,SANGRIA ADICIONAL MANA ATINA,218.0,KG,0.002,23.253555
3000074,SANGRIA ADICIONAL MANA ATINA,488.0,UNID,0.222,7.26
3000074,SANGRIA ADICIONAL MANA ATINA,498.0,LT,0.044,10.4
3000074,SANGRIA ADICIONAL MANA ATINA,521.0,LT,0.033,15.5
3000075,PISCO SOUR JARRA,20.0,KG,0.13,2.62
3000075,PISCO SOUR JARRA,58.0,KG,0.2,1.8
3000075,PISCO SOUR JARRA,60.0,UNID,1.0,0.41
3000075,PISCO SOUR JARRA,158.0,KG,0.12,6.38
3000075,PISCO SOUR JARRA,458.0,LT,0.04463,10.0
3000077,CORTE CLÁSICO + GASEOSA *500 ML,781.0,UNID,1.0,2.61
3000080,6 EMPANADAS + 3 CORONA,249.0,UNID,2.0,2.69397
3000080,6 EMPANADAS + 3 CORONA,478.0,UNID,3.0,3.92
3000081,6 EMPANADAS + 3 PILSEN 355 ML,249.0,UNID,2.0,2.69397
3000081,6 EMPANADAS + 3 PILSEN 355 ML,519.0,UNID,3.0,3.47
4000000,SALSA ALFREDO,576.0,KG,0.06,39.65
4000003,ASADO DE TIRA C/ HUESO,547.0,UNID,1.0,10.16
4000004,ASADO DE TIRA S/ HUESO,548.0,UNID,1.0,10.3
4000005,BIFE ANCHO *,550.0,UNID,1.0,13.58
4000006,BIFE ANGOSTO *,551.0,UNID,1.0,13.33
4000007,PICAÑA *,612.0,UNID,1.0,14.0775173
4000009,OJO DE CUADRIL *,590.0,UNID,1.0,13.07
4000010,CHULETA DE CERDO 200 GR,563.0,UNID,1.0,3.69
4000011,CHULETA DE RES 200 GR,564.0,UNID,1.0,6.53
4000012,FILETE DE POLLO 200 GR,600.0,UNID,1.0,3.1223346
4000015,SALSA BBQ,14.0,KG,0.01,15.0
4000015,SALSA BBQ,237.0,LT,0.05,18.25868
4000016,SALSA HONEY MUSTARD,240.0,LT,0.05,20.9815
4000017,SALSA MIEL Y AJONJOLÍ,14.0,KG,0.002,15.0
4000017,SALSA MIEL Y AJONJOLÍ,75.0,LT,0.1,29.09
4000018,SALSA MARACUYÁ,132.0,KG,0.005,4.24
4000018,SALSA MARACUYÁ,239.0,LT,0.05,7.83832
4000019,SALSA BÚFFALO,135.0,KG,0.005,4.22
4000019,SALSA BÚFFALO,175.0,KG,0.01,10.29
4000019,SALSA BÚFFALO,238.0,LT,0.05,22.5599468
4000028,EL CLÁSICO,58.0,KG,0.1,1.8
4000028,EL CLÁSICO,158.0,KG,0.03,6.38
4000028,EL CLÁSICO,497.0,LT,0.02957,10.4
4000029,DE FINAS HIERBAS,58.0,KG,0.1,1.8
4000029,DE FINAS HIERBAS,158.0,KG,0.03,6.38
4000029,DE FINAS HIERBAS,242.0,LT,0.04436,3.813238
4000030,DE ARÁNDANOS,58.0,KG,0.1,1.8
4000030,DE ARÁNDANOS,158.0,KG,0.03,6.38
4000030,DE ARÁNDANOS,241.0,LT,0.04436,4.80745
4000031,DE MARACUYÁ,58.0,KG,0.1,1.8
4000031,DE MARACUYÁ,158.0,KG,0.03,6.38
4000031,DE MARACUYÁ,244.0,LT,0.04436,8.825094
4000031,DE MARACUYÁ,497.0,LT,0.02957,10.4
4000032,DE FRESA,58.0,KG,0.1,1.8
4000032,DE FRESA,158.0,KG,0.03,6.38
4000032,DE FRESA,243.0,LT,0.04436,4.4245969
4000033,Inca kola 296 ml*,494.0,UNID,1.0,1.25
4000034,Coca cola 296 ml*,474.0,UNID,1.0,1.25
4000035,COCIDO,60.0,UNID,1.0,0.41
4000036,INGLESA,60.0,UNID,1.0,0.41
4000037,FRESA,55.0,LT,0.06,9.78
4000038,VAINILLA,56.0,LT,0.06,5.38
4000039,CHOCOLATE,54.0,LT,0.06,8.28
4000040,CUSQUEÑA NEGRA - 330 ML*,486.0,UNID,1.0,1.91
4000041,CUSQUEÑA TRIGO - 330 ML *,482.0,UNID,1.0,3.25
4000042,CUSQUEÑA DORADA - 330 ML *,484.0,UNID,1.0,3.6
4000043,PILSEN - 355 ML*,519.0,UNID,1.0,3.47
4000044,SANTIAGO QUEIROLO BORGOÑA*,542.0,UNID,1.0,13.0
4000045,SANTIAGO QUEIROLO ROSÉ*,541.0,UNID,1.0,12.83
4000046,SANTIAGO QUEIROLO MAGDALENA*,540.0,UNID,1.0,13.0
4000047,FILETE DE POLLO 300 GR*,601.0,UNID,1.0,4.6518346
4000048,COSTILLA DE CERDO*,558.0,UNID,1.0,7.392
4000049,ANTICUCHO CLASICO,618.0,UNID,1.0,3.919054
4000050,ANTICUCHO VIKINGO,614.0,UNID,1.0,3.9533716
4000051,SALSA TERIYAKI,13.0,KG,0.01,13.0
4000051,SALSA TERIYAKI,255.0,LT,0.05,7.72377
4000052,SALSA ACEVICHADA,158.0,KG,0.002,6.38
4000052,SALSA ACEVICHADA,256.0,LT,0.05,13.9620346
4000053,EMPANADA ARGENTINA,249.0,UNID,0.333,2.69397
4000054,DE CERDO,249.0,UNID,0.333,2.69397
4000055,DE CARNE,249.0,UNID,0.333,2.69397
4000056,Chuleta de res *300 gr,565.0,UNID,1.0,9.54
4000057,Chuleta de cerdo *300 gr,562.0,UNID,1.0,5.23
4000058,Pavita *300 gr,591.0,UNID,1.0,9.22
4000059,COPA DE VINO*,532.0,LT,0.15,12.99
4000060,PORC DE TORTA,679.0,UNID,1.0,6.8125
4000061,T-BONE,622.0,UNID,1.0,14.47
4000065,Inca kola 500 ml*,495.0,UNID,1.0,2.62
4000066,Coca cola 500 ml*,476.0,UNID,1.0,2.63
4000067,Inca kola *1 lt,496.0,UNID,1.0,3.49
4000068,Coca cola *1 lt,472.0,UNID,1.0,3.49
4000069,PAPA FRITA*,182.0,KG,0.99,1.85
4000070,PAPA GRILL*,571.0,KG,0.6,2.98
4000071,PAPA - FRITA,182.0,KG,0.525,1.85
4000072,PAPA - GRILL,571.0,KG,0.3,2.98
ALM-000004,VINAGRETA,20.0,KG,0.07,2.62
ALM-000004,VINAGRETA,72.0,LT,0.6,10.54
ALM-000004,VINAGRETA,76.0,KG,0.018,5.38
ALM-000004,VINAGRETA,79.0,KG,0.003,30.0
ALM-000004,VINAGRETA,91.0,KG,0.001,43.0
ALM-000004,VINAGRETA,100.0,KG,0.01,1.4
ALM-000004,VINAGRETA,116.0,LT,0.18,3.78
ALM-000005,AJI VIKINGO,8.0,LT,0.3,6.94
ALM-000005,AJI VIKINGO,10.0,KG,0.025,14.5
ALM-000005,AJI VIKINGO,60.0,UNID,1.0,0.41
ALM-000005,AJI VIKINGO,100.0,KG,0.04,1.4
ALM-000005,AJI VIKINGO,123.0,KG,0.012,10.06
ALM-000005,AJI VIKINGO,158.0,KG,0.06,6.38
ALM-000005,AJI VIKINGO,175.0,KG,0.17,10.29
ALM-000005,AJI VIKINGO,177.0,KG,0.5,3.27
ALM-000005,AJI VIKINGO,571.0,KG,0.14,2.98
ALM-000006,SALSA VIKINGA PICANTE,8.0,LT,0.015,6.94
ALM-000006,SALSA VIKINGA PICANTE,123.0,KG,0.01,10.06
ALM-000006,SALSA VIKINGA PICANTE,136.0,KG,0.2,2.85
ALM-000006,SALSA VIKINGA PICANTE,465.0,LT,0.1,0.65
ALM-000007,BASE HUANCAÍNA,8.0,LT,0.06,6.94
ALM-000007,BASE HUANCAÍNA,120.0,KG,1.0,6.53
ALM-000007,BASE HUANCAÍNA,123.0,KG,0.01,10.06
ALM-000007,BASE HUANCAÍNA,136.0,KG,0.2,2.85
ALM-000008,BASE PESTO,123.0,KG,0.01,10.06
ALM-000008,BASE PESTO,125.0,KG,0.6,5.08
ALM-000008,BASE PESTO,136.0,KG,0.2,2.85
ALM-000008,BASE PESTO,143.0,KG,0.4,5.19
ALM-000008,BASE PESTO,465.0,LT,0.1,0.65
ALM-000009,ARROZ BLANCO,18.0,KG,1.0,4.36
ALM-000009,ARROZ BLANCO,92.0,KG,0.001,46.0
ALM-000009,ARROZ BLANCO,100.0,KG,0.1,1.4
ALM-000009,ARROZ BLANCO,123.0,KG,0.015,10.06
ALM-000010,BASE LOMO SALTADO,11.0,LT,0.2,6.72
ALM-000010,BASE LOMO SALTADO,101.0,KG,0.2,12.86
ALM-000010,BASE LOMO SALTADO,116.0,LT,0.1,3.78
ALM-000010,BASE LOMO SALTADO,465.0,LT,0.5,0.65
INF-0001,FILTRANTE BOLDO *,40.0,UNID,1.0,0.088
INF-0002,FILTRANTRE ANIS *,41.0,UNID,1.0,0.08
INF-0003,FILTRANTE MANZANILLA *,43.0,UNID,1.0,0.08
INF-0004,FILTRANTE COCA *,45.0,UNID,1.0,0.0905
INF-0005,FILTRANTE CANELA CLAVO *,46.0,UNID,1.0,0.0788
MARK-0001,2 PIQUEOS + GASEOSA 1LT,182.0,KG,1.125,1.85
MARK-0001,2 PIQUEOS + GASEOSA 1LT,472.0,UNID,1.0,3.49
MARK-0001,2 PIQUEOS + GASEOSA 1LT,560.0,UNID,2.0,8.832508
MARK-0001,2 PIQUEOS + GASEOSA 1LT,561.0,UNID,1.0,1.32
MARK-0001,2 PIQUEOS + GASEOSA 1LT,621.0,KG,0.1,23.0
